{"cameraMode":{"drawMode":0,"name":"Shaded","section":"Shading Mode"},"sceneLighting":true,"audioPlay":false,"sceneViewState":{"m_AlwaysRefresh":false,"showFog":true,"showSkybox":true,"showFlares":true,"showImageEffects":true,"showParticleSystems":true,"showVisualEffectGraphs":true,"m_FxEnabled":true},"in2DMode":false,"pivot":{"x":4.842235088348389,"y":3.7358357906341554,"z":17.518556594848634},"rotation":{"x":0.6964138746261597,"y":-0.003229341469705105,"z":0.003133883699774742,"w":0.7176260948181152},"size":5.893618106842041,"orthographic":true}